log_id,prediction,summary
LOG-0001,RC-03,Log entry triggered a RC-03 error. Root cause identified via automated classification.
LOG-0002,RC-07,Log entry triggered a RC-07 error. Root cause identified via automated classification.
LOG-0003,RC-01,Log entry triggered a RC-01 error. Root cause identified via automated classification.
LOG-0004,RC-07,Log entry triggered a RC-07 error. Root cause identified via automated classification.
LOG-0005,RC-05,Log entry triggered a RC-05 error. Root cause identified via automated classification.
LOG-0006,RC-04,Log entry triggered a RC-04 error. Root cause identified via automated classification.
LOG-0007,RC-06,Log entry triggered a RC-06 error. Root cause identified via automated classification.
LOG-0008,RC-06,Log entry triggered a RC-06 error. Root cause identified via automated classification.
LOG-0009,RC-06,Log entry triggered a RC-06 error. Root cause identified via automated classification.
LOG-0010,RC-05,Log entry triggered a RC-05 error. Root cause identified via automated classification.
LOG-0011,RC-05,Log entry triggered a RC-05 error. Root cause identified via automated classification.
LOG-0012,RC-08,Log entry triggered a RC-08 error. Root cause identified via automated classification.
LOG-0013,RC-05,Log entry triggered a RC-05 error. Root cause identified via automated classification.
LOG-0014,RC-05,Log entry triggered a RC-05 error. Root cause identified via automated classification.
LOG-0015,RC-05,Log entry triggered a RC-05 error. Root cause identified via automated classification.
LOG-0016,RC-05,Log entry triggered a RC-05 error. Root cause identified via automated classification.
LOG-0017,RC-02,Log entry triggered a RC-02 error. Root cause identified via automated classification.
LOG-0018,RC-07,Log entry triggered a RC-07 error. Root cause identified via automated classification.
LOG-0019,RC-02,Log entry triggered a RC-02 error. Root cause identified via automated classification.
LOG-0020,RC-06,Log entry triggered a RC-06 error. Root cause identified via automated classification.
LOG-0021,RC-05,Log entry triggered a RC-05 error. Root cause identified via automated classification.
LOG-0022,RC-03,Log entry triggered a RC-03 error. Root cause identified via automated classification.
LOG-0023,RC-07,Log entry triggered a RC-07 error. Root cause identified via automated classification.
LOG-0024,RC-04,Log entry triggered a RC-04 error. Root cause identified via automated classification.
LOG-0025,RC-02,Log entry triggered a RC-02 error. Root cause identified via automated classification.
LOG-0026,RC-08,Log entry triggered a RC-08 error. Root cause identified via automated classification.
LOG-0027,RC-07,Log entry triggered a RC-07 error. Root cause identified via automated classification.
LOG-0028,RC-03,Log entry triggered a RC-03 error. Root cause identified via automated classification.
LOG-0029,RC-07,Log entry triggered a RC-07 error. Root cause identified via automated classification.
LOG-0030,RC-05,Log entry triggered a RC-05 error. Root cause identified via automated classification.
LOG-0031,RC-07,Log entry triggered a RC-07 error. Root cause identified via automated classification.
LOG-0032,RC-03,Log entry triggered a RC-03 error. Root cause identified via automated classification.
LOG-0033,RC-02,Log entry triggered a RC-02 error. Root cause identified via automated classification.
LOG-0034,RC-02,Log entry triggered a RC-02 error. Root cause identified via automated classification.
LOG-0035,RC-04,Log entry triggered a RC-04 error. Root cause identified via automated classification.
LOG-0036,RC-06,Log entry triggered a RC-06 error. Root cause identified via automated classification.
LOG-0037,RC-05,Log entry triggered a RC-05 error. Root cause identified via automated classification.
LOG-0038,RC-08,Log entry triggered a RC-08 error. Root cause identified via automated classification.
LOG-0039,RC-04,Log entry triggered a RC-04 error. Root cause identified via automated classification.
LOG-0040,RC-05,Log entry triggered a RC-05 error. Root cause identified via automated classification.
LOG-0041,RC-01,Log entry triggered a RC-01 error. Root cause identified via automated classification.
LOG-0042,RC-03,Log entry triggered a RC-03 error. Root cause identified via automated classification.
LOG-0043,RC-08,Log entry triggered a RC-08 error. Root cause identified via automated classification.
LOG-0044,RC-03,Log entry triggered a RC-03 error. Root cause identified via automated classification.
LOG-0045,RC-01,Log entry triggered a RC-01 error. Root cause identified via automated classification.
LOG-0046,RC-06,Log entry triggered a RC-06 error. Root cause identified via automated classification.
LOG-0047,RC-02,Log entry triggered a RC-02 error. Root cause identified via automated classification.
LOG-0048,RC-05,Log entry triggered a RC-05 error. Root cause identified via automated classification.
LOG-0049,RC-02,Log entry triggered a RC-02 error. Root cause identified via automated classification.
LOG-0050,RC-04,Log entry triggered a RC-04 error. Root cause identified via automated classification.
LOG-0051,RC-04,Log entry triggered a RC-04 error. Root cause identified via automated classification.
LOG-0052,RC-05,Log entry triggered a RC-05 error. Root cause identified via automated classification.
LOG-0053,RC-03,Log entry triggered a RC-03 error. Root cause identified via automated classification.
LOG-0054,RC-07,Log entry triggered a RC-07 error. Root cause identified via automated classification.
LOG-0055,RC-03,Log entry triggered a RC-03 error. Root cause identified via automated classification.
LOG-0056,RC-04,Log entry triggered a RC-04 error. Root cause identified via automated classification.
LOG-0057,RC-02,Log entry triggered a RC-02 error. Root cause identified via automated classification.
LOG-0058,RC-07,Log entry triggered a RC-07 error. Root cause identified via automated classification.
LOG-0059,RC-08,Log entry triggered a RC-08 error. Root cause identified via automated classification.
LOG-0060,RC-06,Log entry triggered a RC-06 error. Root cause identified via automated classification.
LOG-0061,RC-08,Log entry triggered a RC-08 error. Root cause identified via automated classification.
LOG-0062,RC-08,Log entry triggered a RC-08 error. Root cause identified via automated classification.
LOG-0063,RC-03,Log entry triggered a RC-03 error. Root cause identified via automated classification.
LOG-0064,RC-01,Log entry triggered a RC-01 error. Root cause identified via automated classification.
LOG-0065,RC-08,Log entry triggered a RC-08 error. Root cause identified via automated classification.
LOG-0066,RC-08,Log entry triggered a RC-08 error. Root cause identified via automated classification.
LOG-0067,RC-01,Log entry triggered a RC-01 error. Root cause identified via automated classification.
LOG-0068,RC-06,Log entry triggered a RC-06 error. Root cause identified via automated classification.
LOG-0069,RC-01,Log entry triggered a RC-01 error. Root cause identified via automated classification.
LOG-0070,RC-03,Log entry triggered a RC-03 error. Root cause identified via automated classification.
LOG-0071,RC-07,Log entry triggered a RC-07 error. Root cause identified via automated classification.
LOG-0072,RC-04,Log entry triggered a RC-04 error. Root cause identified via automated classification.
LOG-0073,RC-04,Log entry triggered a RC-04 error. Root cause identified via automated classification.
LOG-0074,RC-04,Log entry triggered a RC-04 error. Root cause identified via automated classification.
LOG-0075,RC-04,Log entry triggered a RC-04 error. Root cause identified via automated classification.
LOG-0076,RC-03,Log entry triggered a RC-03 error. Root cause identified via automated classification.
LOG-0077,RC-02,Log entry triggered a RC-02 error. Root cause identified via automated classification.
LOG-0078,RC-05,Log entry triggered a RC-05 error. Root cause identified via automated classification.
LOG-0079,RC-04,Log entry triggered a RC-04 error. Root cause identified via automated classification.
LOG-0080,RC-05,Log entry triggered a RC-05 error. Root cause identified via automated classification.
LOG-0081,RC-03,Log entry triggered a RC-03 error. Root cause identified via automated classification.
LOG-0082,RC-02,Log entry triggered a RC-02 error. Root cause identified via automated classification.
LOG-0083,RC-01,Log entry triggered a RC-01 error. Root cause identified via automated classification.
LOG-0084,RC-07,Log entry triggered a RC-07 error. Root cause identified via automated classification.
LOG-0085,RC-01,Log entry triggered a RC-01 error. Root cause identified via automated classification.
LOG-0086,RC-01,Log entry triggered a RC-01 error. Root cause identified via automated classification.
LOG-0087,RC-03,Log entry triggered a RC-03 error. Root cause identified via automated classification.
LOG-0088,RC-05,Log entry triggered a RC-05 error. Root cause identified via automated classification.
LOG-0089,RC-01,Log entry triggered a RC-01 error. Root cause identified via automated classification.
LOG-0090,RC-02,Log entry triggered a RC-02 error. Root cause identified via automated classification.
LOG-0091,RC-07,Log entry triggered a RC-07 error. Root cause identified via automated classification.
LOG-0092,RC-01,Log entry triggered a RC-01 error. Root cause identified via automated classification.
LOG-0093,RC-06,Log entry triggered a RC-06 error. Root cause identified via automated classification.
LOG-0094,RC-04,Log entry triggered a RC-04 error. Root cause identified via automated classification.
LOG-0095,RC-07,Log entry triggered a RC-07 error. Root cause identified via automated classification.
LOG-0096,RC-08,Log entry triggered a RC-08 error. Root cause identified via automated classification.
LOG-0097,RC-08,Log entry triggered a RC-08 error. Root cause identified via automated classification.
LOG-0098,RC-01,Log entry triggered a RC-01 error. Root cause identified via automated classification.
LOG-0099,RC-04,Log entry triggered a RC-04 error. Root cause identified via automated classification.
LOG-0100,RC-07,Log entry triggered a RC-07 error. Root cause identified via automated classification.
LOG-0101,RC-02,Log entry triggered a RC-02 error. Root cause identified via automated classification.
LOG-0102,RC-07,Log entry triggered a RC-07 error. Root cause identified via automated classification.
LOG-0103,RC-08,Log entry triggered a RC-08 error. Root cause identified via automated classification.
LOG-0104,RC-06,Log entry triggered a RC-06 error. Root cause identified via automated classification.
LOG-0105,RC-02,Log entry triggered a RC-02 error. Root cause identified via automated classification.
LOG-0106,RC-01,Log entry triggered a RC-01 error. Root cause identified via automated classification.
LOG-0107,RC-06,Log entry triggered a RC-06 error. Root cause identified via automated classification.
LOG-0108,RC-01,Log entry triggered a RC-01 error. Root cause identified via automated classification.
LOG-0109,RC-08,Log entry triggered a RC-08 error. Root cause identified via automated classification.
LOG-0110,RC-05,Log entry triggered a RC-05 error. Root cause identified via automated classification.
LOG-0111,RC-07,Log entry triggered a RC-07 error. Root cause identified via automated classification.
LOG-0112,RC-02,Log entry triggered a RC-02 error. Root cause identified via automated classification.
LOG-0113,RC-01,Log entry triggered a RC-01 error. Root cause identified via automated classification.
LOG-0114,RC-01,Log entry triggered a RC-01 error. Root cause identified via automated classification.
LOG-0115,RC-05,Log entry triggered a RC-05 error. Root cause identified via automated classification.
LOG-0116,RC-03,Log entry triggered a RC-03 error. Root cause identified via automated classification.
LOG-0117,RC-02,Log entry triggered a RC-02 error. Root cause identified via automated classification.
LOG-0118,RC-06,Log entry triggered a RC-06 error. Root cause identified via automated classification.
LOG-0119,RC-08,Log entry triggered a RC-08 error. Root cause identified via automated classification.
LOG-0120,RC-03,Log entry triggered a RC-03 error. Root cause identified via automated classification.
